label,volume,coll_area,flow_rate,design_case,r_level
15,0.1,8.0,50,ST,r0
16,0.1,20.0,50,ST,r0
17,0.3,20.0,50,ST,r0
18,0.3,8.0,50,ST,r0
19,0.4,20.0,100,ST,r0
20,0.4,8.0,100,ST,r0
21,0.1,16.0,100,ST,r0
22,0.1,16.0,50,ST,r0
23,0.4,16.0,100,ST,r0
24,0.4,4.0,100,ST,r0
25,0.4,4.0,50,ST,r0
26,0.2,4.0,50,ST,r0
27,0.3,16.0,50,ST,r0
28,0.2,4.0,100,ST,r0
29,0.2,16.0,100,ST,r0
30,0.4,20.0,200,ST,r0
31,0.2,8.0,100,ST,r0
32,0.2,20.0,50,ST,r0
33,0.4,20.0,50,ST,r0
34,0.3,16.0,100,ST,r0
35,0.1,4.0,50,ST,r0
36,0.3,4.0,50,ST,r0
37,0.2,16.0,200,ST,r0
38,0.4,16.0,200,ST,r0
39,0.1,8.0,200,ST,r0
40,0.4,16.0,50,ST,r0
41,0.2,16.0,50,ST,r0
42,0.3,16.0,200,ST,r0
43,0.4,8.0,200,PVT_0,r0
44,0.2,8.0,200,PVT_0,r0
45,0.2,20.0,200,PVT_0,r0
46,0.2,20.0,100,PVT_0,r0
47,0.1,8.0,100,PVT_0,r0
48,0.1,20.0,100,PVT_0,r0
49,0.3,20.0,100,PVT_0,r0
50,0.3,20.0,200,PVT_0,r0
51,0.3,4.0,100,PVT_0,r0
52,0.1,4.0,100,PVT_0,r0
53,0.1,4.0,200,PVT_0,r0
54,0.1,16.0,200,PVT_0,r0
55,0.1,20.0,200,PVT_0,r0
56,0.3,8.0,200,PVT_0,r0
57,0.3,8.0,100,PVT_0,r0
58,0.1,8.0,50,PVT_0,r0
59,0.1,20.0,50,PVT_0,r0
60,0.3,20.0,50,PVT_0,r0
61,0.3,8.0,50,PVT_0,r0
62,0.4,20.0,100,PVT_0,r0
63,0.4,8.0,100,PVT_0,r0
64,0.1,16.0,100,PVT_0,r0
65,0.1,16.0,50,PVT_0,r0
66,0.4,16.0,100,PVT_0,r0
67,0.4,4.0,100,PVT_0,r0
68,0.4,4.0,50,PVT_0,r0
69,0.2,4.0,50,PVT_0,r0
70,0.3,16.0,50,PVT_0,r0
71,0.2,4.0,100,PVT_0,r0
72,0.2,16.0,100,PVT_0,r0
73,0.4,20.0,200,PVT_0,r0
74,0.2,8.0,100,PVT_0,r0
75,0.2,20.0,50,PVT_0,r0
76,0.4,20.0,50,PVT_0,r0
77,0.3,16.0,100,PVT_0,r0
78,0.1,4.0,50,PVT_0,r0
79,0.3,4.0,50,PVT_0,r0
80,0.2,16.0,200,PVT_0,r0
81,0.4,16.0,200,PVT_0,r0
82,0.1,8.0,200,PVT_0,r0
83,0.4,16.0,50,PVT_0,r0
84,0.2,16.0,50,PVT_0,r0
85,0.3,16.0,200,PVT_0,r0
86,0.4,20.0,50,ST,r1
87,0.2,20.0,50,ST,r1
88,0.2,20.0,100,ST,r1
89,0.2,8.0,100,ST,r1
90,0.1,8.0,200,ST,r1
91,0.3,8.0,200,ST,r1
92,0.3,20.0,200,ST,r1
93,0.3,4.0,200,ST,r0
94,0.3,4.0,100,ST,r1
95,0.3,16.0,100,ST,r1
96,0.1,16.0,100,ST,r1
97,0.2,20.0,200,ST,r1
98,0.1,4.0,100,ST,r1
99,0.3,20.0,100,ST,r1
100,0.1,20.0,200,ST,r1
101,0.4,4.0,100,ST,r1
102,0.4,4.0,200,ST,r1
103,0.2,4.0,100,ST,r1
104,0.2,16.0,100,ST,r1
105,0.4,16.0,100,ST,r1
106,0.4,16.0,200,ST,r1
107,0.2,16.0,50,ST,r1
108,0.4,16.0,50,ST,r1
109,0.4,4.0,50,ST,r1
110,0.4,4.0,200,ST,r0
111,0.1,20.0,100,ST,r1
112,0.1,8.0,100,ST,r1
113,0.3,8.0,100,ST,r1
114,0.4,8.0,100,ST,r1
115,0.2,4.0,200,ST,r1
116,0.2,16.0,200,ST,r1
117,0.3,8.0,50,ST,r1
118,0.3,20.0,50,ST,r1
119,0.2,8.0,50,ST,r1
120,0.3,4.0,200,ST,r1
121,0.4,20.0,200,ST,r1
122,0.4,20.0,100,ST,r1
123,0.4,8.0,50,ST,r0
124,0.1,16.0,200,ST,r1
125,0.1,4.0,200,ST,r1
126,0.4,20.0,50,PVT_0,r1
127,0.2,20.0,50,PVT_0,r1
128,0.2,20.0,100,PVT_0,r1
129,0.2,8.0,100,PVT_0,r1
130,0.1,8.0,200,PVT_0,r1
131,0.3,8.0,200,PVT_0,r1
132,0.3,20.0,200,PVT_0,r1
133,0.3,4.0,200,PVT_0,r0
134,0.3,4.0,100,PVT_0,r1
135,0.3,16.0,100,PVT_0,r1
136,0.1,16.0,100,PVT_0,r1
137,0.2,20.0,200,PVT_0,r1
138,0.1,4.0,100,PVT_0,r1
139,0.3,20.0,100,PVT_0,r1
140,0.1,20.0,200,PVT_0,r1
141,0.4,4.0,100,PVT_0,r1
142,0.4,4.0,200,PVT_0,r1
144,0.2,16.0,100,PVT_0,r1
145,0.4,16.0,100,PVT_0,r1
146,0.4,16.0,200,PVT_0,r1
147,0.2,16.0,50,PVT_0,r1
148,0.4,16.0,50,PVT_0,r1
149,0.4,4.0,50,PVT_0,r1
150,0.4,4.0,200,PVT_0,r0
151,0.1,20.0,100,PVT_0,r1
152,0.1,8.0,100,PVT_0,r1
153,0.3,8.0,100,PVT_0,r1
154,0.4,8.0,100,PVT_0,r1
155,0.2,4.0,200,PVT_0,r1
156,0.2,16.0,200,PVT_0,r1
157,0.3,8.0,50,PVT_0,r1
158,0.3,20.0,50,PVT_0,r1
159,0.2,8.0,50,PVT_0,r1
160,0.3,4.0,200,PVT_0,r1
161,0.4,20.0,200,PVT_0,r1
162,0.4,20.0,100,PVT_0,r1
163,0.4,8.0,50,PVT_0,r0
164,0.1,16.0,200,PVT_0,r1
165,0.1,4.0,200,PVT_0,r1
143,0.3,4.0,100,PVT_0,r1
166,0.1,8.0,200,cp_PV,r0
167,0.1,0.001,200,cp_PV,r0
168,0.3,0.001,200,cp_PV,r0
169,0.3,16.0,200,cp_PV,r0
170,0.3,4.0,200,cp_PV,r0
171,0.1,4.0,200,cp_PV,r0
172,0.2,8.0,200,cp_PV,r0
173,0.2,0.001,200,cp_PV,r0
174,0.4,0.001,200,cp_PV,r0
175,0.1,16.0,200,cp_PV,r0
176,0.3,8.0,200,cp_PV,r0
177,0.4,16.0,200,cp_PV,r0
178,0.4,4.0,200,cp_PV,r0
179,0.2,4.0,200,cp_PV,r0
180,0.4,8.0,200,cp_PV,r0
0,0.3,20.0,200,ST,r0
1,0.3,20.0,100,ST,r0
2,0.3,4.0,100,ST,r0
3,0.2,20.0,200,ST,r0
4,0.2,20.0,100,ST,r0
5,0.1,4.0,100,ST,r0
6,0.3,8.0,100,ST,r0
7,0.1,20.0,100,ST,r0
8,0.1,8.0,100,ST,r0
9,0.1,20.0,200,ST,r0
10,0.4,8.0,200,ST,r0
11,0.2,8.0,200,ST,r0
12,0.1,16.0,200,ST,r0
13,0.1,4.0,200,ST,r0
14,0.3,8.0,200,ST,r0
181,0.2,4.0,100,PVT_0,r1
182,0.2,20.0,200,cp_PV,r1
183,0.2,20.0,200,cp_PV,r0
184,0.25,20.0,200,cp_PV,r0
185,0.25,4.0,200,cp_PV,r0
186,0.25,0.001,200,cp_PV,r0
187,0.25,16.0,200,cp_PV,r0
188,0.25,16.0,200,cp_PV,r1
189,0.2,16.0,200,cp_PV,r1
190,0.2,4.0,200,cp_PV,r1
191,0.15,20.0,200,cp_PV,r1
192,0.2,0.001,200,cp_PV,r1
193,0.15,4.0,200,cp_PV,r1
194,0.15,16.0,200,cp_PV,r0
195,0.2,16.0,200,cp_PV,r0
196,0.25,4.0,200,cp_PV,r1
197,0.25,20.0,200,cp_PV,r1
198,0.15,4.0,200,cp_PV,r0
199,0.15,0.001,200,cp_PV,r0
200,0.15,0.001,200,cp_PV,r1
201,0.15,20.0,200,cp_PV,r0
202,0.15,20.0,200,PVT_9,r1
203,0.15,20.0,100,PVT_9,r1
204,0.2,20.0,100,PVT_9,r1
205,0.2,8.0,100,PVT_9,r1
206,0.2,8.0,100,PVT_9,r0
207,0.2,8.0,100,PVT_6,r0
208,0.25,16.0,50,PVT_6,r0
209,0.25,16.0,50,PVT_9,r0
210,0.2,16.0,50,PVT_9,r0
211,0.2,4.0,50,PVT_9,r0
212,0.2,4.0,50,PVT_9,r1
213,0.2,4.0,100,PVT_9,r1
214,0.2,16.0,50,PVT_6,r0
215,0.2,4.0,50,PVT_6,r0
216,0.2,4.0,50,PVT_6,r1
217,0.15,4.0,50,PVT_9,r1
218,0.15,4.0,100,PVT_9,r1
219,0.2,8.0,200,PVT_9,r1
220,0.2,8.0,200,PVT_6,r1
221,0.2,8.0,200,PVT_6,r0
222,0.2,20.0,200,PVT_6,r0
223,0.2,20.0,100,PVT_6,r0
224,0.25,20.0,100,PVT_6,r0
225,0.15,20.0,200,PVT_6,r0
226,0.2,20.0,200,PVT_6,r1
227,0.2,20.0,200,PVT_9,r1
228,0.15,16.0,100,PVT_9,r1
229,0.15,4.0,50,PVT_9,r0
230,0.15,4.0,50,PVT_9,r0
231,0.25,8.0,200,PVT_9,r1
232,0.25,8.0,200,PVT_9,r0
233,0.25,8.0,200,PVT_9,r0
234,0.25,8.0,100,PVT_9,r0
235,0.25,20.0,100,PVT_9,r0
236,0.25,4.0,50,PVT_6,r0
237,0.25,4.0,50,PVT_9,r0
238,0.2,16.0,50,PVT_9,r1
239,0.2,16.0,100,PVT_9,r1
240,0.2,8.0,50,PVT_9,r0
241,0.2,8.0,50,PVT_9,r0
242,0.2,8.0,50,PVT_9,r1
243,0.25,8.0,200,PVT_6,r0
244,0.2,8.0,200,PVT_9,r0
245,0.2,16.0,200,PVT_6,r1
246,0.25,16.0,200,PVT_6,r1
247,0.25,16.0,100,PVT_6,r1
248,0.25,16.0,100,PVT_9,r0
249,0.25,16.0,100,PVT_9,r0
250,0.25,4.0,100,PVT_9,r0
251,0.2,8.0,50,PVT_6,r1
252,0.2,20.0,50,PVT_6,r1
253,0.25,20.0,50,PVT_6,r1
254,0.25,20.0,50,PVT_6,r0
255,0.2,4.0,200,PVT_6,r1
256,0.2,16.0,200,PVT_9,r1
257,0.25,16.0,200,PVT_9,r1
258,0.25,16.0,200,PVT_9,r0
259,0.25,20.0,200,PVT_9,r0
260,0.25,20.0,200,PVT_6,r0
261,0.15,8.0,100,PVT_9,r1
262,0.2,8.0,100,PVT_6,r1
263,0.15,16.0,50,PVT_9,r1
264,0.25,8.0,200,PVT_6,r1
265,0.2,20.0,100,PVT_9,r0
266,0.25,16.0,100,PVT_6,r0
267,0.2,8.0,50,PVT_6,r0
268,0.15,20.0,100,cp_PV,r0
269,0.2,20.0,100,cp_PV,r0
270,0.2,4.0,100,cp_PV,r0
271,0.25,20.0,100,cp_PV,r0
272,0.25,4.0,100,cp_PV,r0
273,0.15,4.0,100,cp_PV,r0
274,0.15,16.0,100,cp_PV,r0
275,0.15,0.001,100,cp_PV,r0
276,0.2,0.001,100,cp_PV,r0
277,0.25,16.0,100,cp_PV,r0
278,0.25,0.001,100,cp_PV,r0
279,0.2,16.0,100,cp_PV,r0
280,0.25,20.0,100,PVT_0,r0
281,0.25,8.0,100,PVT_0,r0
282,0.15,20.0,100,PVT_0,r0
283,0.15,8.0,100,PVT_0,r0
284,0.25,4.0,100,PVT_0,r0
285,0.25,16.0,100,PVT_0,r0
286,0.15,16.0,100,PVT_0,r0
287,0.15,4.0,100,PVT_0,r0
288,0.25,20.0,100,ST,r0
289,0.25,8.0,100,ST,r0
290,0.25,16.0,100,ST,r0
291,0.15,16.0,100,ST,r0
292,0.15,4.0,100,ST,r0
293,0.15,20.0,100,ST,r0
294,0.15,8.0,100,ST,r0
295,0.25,4.0,100,ST,r0
296,0.15,20.0,100,PVT_6,r0
297,0.25,8.0,50,PVT_6,r1
298,0.15,16.0,200,PVT_9,r0
299,0.2,16.0,100,PVT_9,r0
300,0.15,8.0,100,PVT_0,r1
301,0.25,4.0,200,PVT_9,r1
302,0.25,4.0,100,PVT_6,r1
303,0.2,4.0,50,cp_PV,r0
304,0.25,8.0,50,PVT_9,r0
305,0.25,16.0,100,PVT_0,r1
306,0.2,8.0,100,cp_PV,r0
307,0.25,16.0,100,ST,r1
308,0.2,16.0,200,PVT_6,r0
309,0.2,4.0,100,PVT_6,r0
310,0.15,20.0,100,PVT_0,r1
311,0.25,8.0,50,ST,r1
312,0.15,16.0,200,PVT_0,r0
313,0.2,16.0,100,PVT_6,r1
314,0.15,8.0,100,PVT_6,r1
315,0.2,20.0,50,PVT_9,r1
316,0.25,20.0,50,cp_PV,r1
317,0.15,16.0,200,PVT_9,r1
318,0.2,4.0,50,PVT_0,r1
319,0.2,8.0,200,cp_PV,r1
320,0.2,16.0,50,cp_PV,r1
321,0.2,16.0,100,PVT_6,r0
322,0.25,8.0,50,cp_PV,r0
323,0.25,8.0,50,PVT_0,r0
324,0.15,8.0,50,PVT_0,r1
325,0.25,8.0,100,PVT_6,r1
326,0.2,4.0,200,PVT_9,r1
327,0.15,8.0,200,cp_PV,r0
328,0.25,4.0,200,PVT_0,r0
329,0.15,8.0,200,PVT_9,r0
330,0.15,16.0,200,PVT_6,r0
331,0.15,8.0,100,PVT_9,r0
332,0.25,16.0,50,cp_PV,r0
333,0.2,8.0,100,cp_PV,r1
334,0.25,8.0,200,PVT_0,r1
335,0.15,8.0,100,PVT_6,r0
336,0.25,8.0,100,cp_PV,r1
337,0.25,4.0,100,PVT_6,r0
338,0.15,8.0,200,ST,r0
339,0.25,16.0,50,PVT_0,r0
340,0.2,8.0,50,cp_PV,r1
341,0.15,20.0,200,PVT_0,r1
342,0.2,16.0,200,PVT_9,r0
343,0.15,16.0,100,PVT_9,r0
344,0.25,4.0,200,PVT_9,r0
345,0.25,8.0,100,PVT_0,r1
346,0.15,16.0,50,PVT_6,r1
347,0.25,16.0,100,cp_PV,r1
348,0.15,4.0,50,PVT_6,r1
349,0.2,20.0,100,PVT_6,r1
350,0.2,16.0,100,cp_PV,r1
351,0.25,8.0,50,PVT_6,r0
352,0.2,8.0,200,PVT_0,r1
353,0.25,20.0,100,PVT_9,r1
354,0.15,4.0,200,PVT_6,r0
355,0.25,20.0,200,PVT_0,r1
356,0.15,16.0,100,PVT_6,r0
357,0.2,4.0,100,PVT_9,r0
358,0.25,16.0,200,PVT_0,r1
359,0.15,20.0,100,cp_PV,r1
360,0.2,8.0,200,ST,r1
361,0.25,4.0,200,PVT_0,r1
362,0.15,16.0,100,PVT_0,r1
363,0.15,4.0,100,cp_PV,r1
364,0.2,8.0,50,PVT_0,r0
365,0.25,8.0,200,ST,r1
366,0.2,20.0,200,PVT_9,r0
367,0.2,16.0,50,PVT_6,r1
368,0.25,16.0,50,cp_PV,r1
369,0.25,4.0,100,ST,r1
370,0.25,8.0,200,ST,r0
371,0.25,16.0,100,PVT_9,r1
372,0.15,8.0,200,PVT_0,r0
373,0.15,4.0,50,PVT_0,r0
374,0.15,16.0,200,PVT_0,r1
375,0.15,4.0,200,PVT_0,r0
376,0.15,16.0,50,ST,r1
377,0.25,8.0,100,ST,r1
378,0.15,4.0,100,PVT_6,r0
379,0.15,8.0,200,PVT_9,r1
380,0.25,20.0,50,PVT_0,r0
381,0.15,16.0,100,PVT_6,r1
382,0.25,4.0,50,PVT_6,r1
383,0.25,8.0,200,cp_PV,r1
384,0.25,20.0,200,PVT_6,r1
385,0.15,4.0,100,PVT_0,r1
386,0.2,4.0,100,PVT_6,r1
387,0.15,16.0,100,cp_PV,r1
388,0.15,16.0,50,cp_PV,r1
389,0.2,8.0,50,cp_PV,r0
390,0.15,8.0,200,PVT_0,r1
391,0.15,20.0,100,PVT_6,r1
392,0.15,16.0,50,PVT_0,r0
393,0.25,4.0,100,PVT_9,r1
394,0.2,4.0,200,PVT_0,r0
395,0.15,16.0,200,ST,r1
396,0.15,16.0,50,PVT_6,r0
397,0.15,8.0,100,ST,r1
398,0.25,16.0,200,PVT_6,r0
399,0.2,16.0,50,cp_PV,r0
400,0.15,16.0,50,PVT_0,r1
401,0.15,4.0,50,PVT_6,r0
402,0.15,16.0,50,PVT_9,r0
403,0.25,20.0,50,cp_PV,r0
404,0.15,8.0,50,PVT_6,r1
405,0.25,20.0,50,PVT_0,r1
406,0.15,20.0,100,PVT_9,r0
407,0.15,8.0,200,cp_PV,r1
408,0.15,20.0,200,PVT_9,r0
409,0.2,4.0,100,cp_PV,r1
410,0.15,4.0,100,PVT_9,r0
411,0.25,20.0,50,PVT_9,r1
412,0.15,20.0,200,ST,r0
413,0.2,4.0,50,cp_PV,r1
414,0.2,20.0,50,cp_PV,r1
415,0.15,20.0,200,PVT_0,r0
416,0.25,8.0,100,PVT_9,r1
417,0.25,8.0,50,ST,r0
418,0.25,4.0,50,PVT_9,r1
419,0.2,4.0,200,PVT_6,r0
420,0.15,20.0,50,cp_PV,r0
421,0.15,16.0,200,ST,r0
422,0.15,8.0,50,PVT_6,r0
423,0.2,4.0,50,ST,r1
424,0.25,4.0,100,PVT_0,r1
425,0.15,8.0,100,cp_PV,r0
426,0.25,20.0,50,PVT_9,r0
427,0.15,8.0,50,PVT_9,r0
428,0.15,16.0,100,ST,r1
429,0.25,16.0,50,PVT_6,r1
430,0.2,8.0,50,ST,r0
431,0.2,20.0,50,PVT_9,r0
432,0.2,4.0,200,PVT_9,r0
433,0.15,8.0,50,cp_PV,r1
434,0.25,4.0,200,ST,r1
435,0.25,8.0,50,cp_PV,r1
436,0.2,20.0,50,cp_PV,r0
437,0.15,4.0,100,ST,r1
438,0.15,8.0,100,cp_PV,r1
439,0.15,8.0,50,PVT_9,r1
440,0.15,4.0,200,PVT_9,r1
441,0.15,4.0,50,PVT_0,r1
442,0.25,8.0,50,PVT_0,r1
443,0.25,8.0,200,cp_PV,r0
444,0.15,4.0,200,PVT_6,r1
445,0.15,20.0,50,ST,r1
446,0.15,16.0,50,ST,r0
447,0.2,20.0,100,cp_PV,r1
448,0.25,4.0,50,ST,r0
449,0.15,20.0,50,cp_PV,r1
450,0.15,8.0,200,PVT_6,r0
451,0.15,16.0,50,cp_PV,r0
452,0.25,8.0,100,PVT_6,r0
453,0.25,8.0,200,PVT_0,r0
454,0.25,16.0,200,PVT_0,r0
455,0.15,16.0,200,cp_PV,r1
456,0.15,20.0,200,PVT_6,r1
457,0.25,16.0,50,PVT_9,r1
458,0.15,20.0,50,PVT_9,r1
459,0.25,20.0,200,PVT_9,r1
460,0.25,4.0,200,ST,r0
461,0.15,20.0,50,PVT_9,r0
462,0.25,20.0,100,ST,r1
463,0.25,20.0,50,ST,r1
464,0.25,20.0,100,PVT_0,r1
465,0.15,4.0,100,PVT_6,r1
466,0.25,16.0,200,ST,r0
467,0.25,4.0,100,cp_PV,r1
468,0.25,20.0,100,cp_PV,r1
469,0.15,8.0,50,PVT_0,r0
470,0.15,4.0,50,ST,r0
471,0.15,4.0,50,cp_PV,r1
472,0.15,8.0,200,ST,r1
473,0.25,16.0,50,ST,r0
474,0.15,20.0,50,PVT_0,r1
476,0.25,8.0,100,cp_PV,r0
477,0.25,16.0,50,ST,r1
478,0.25,20.0,100,PVT_6,r1
479,0.25,20.0,200,PVT_0,r0
480,0.15,16.0,200,PVT_6,r1
481,0.15,20.0,50,PVT_6,r1
482,0.15,4.0,100,ASHP,r0
483,0.15,4.0,100,ASHP,r1
484,0.15,8.0,100,ASHP,r0
485,0.15,8.0,100,ASHP,r1
486,0.15,16.0,100,ASHP,r0
487,0.15,16.0,100,ASHP,r1
488,0.15,20.0,100,ASHP,r0
489,0.15,20.0,100,ASHP,r1
490,0.2,4.0,100,ASHP,r0
491,0.2,4.0,100,ASHP,r1
492,0.2,8.0,100,ASHP,r0
493,0.2,8.0,100,ASHP,r1
494,0.2,16.0,100,ASHP,r0
495,0.2,16.0,100,ASHP,r1
496,0.2,20.0,100,ASHP,r0
497,0.2,20.0,100,ASHP,r1
498,0.25,4.0,100,ASHP,r0
499,0.25,4.0,100,ASHP,r1
500,0.25,8.0,100,ASHP,r0
501,0.25,8.0,100,ASHP,r1
502,0.25,16.0,100,ASHP,r0
503,0.25,16.0,100,ASHP,r1
504,0.25,20.0,100,ASHP,r0
505,0.25,20.0,100,ASHP,r1
